{"1":{"name":"ZHAO","firstname":"A","id":1},"2":{"name":"ZHAO","firstname":"B","id":2,"nation":"kkk"},"3":{"name":"ZHAO","firstname":"C","id":3,"nation":"kkk"},"4":{"name":"ZHAO","firstname":"D","id":4,"nation":"kkk"},"5":{"name":"ZHAO","firstname":"E","id":5},"6":{"name":"ZHAO","firstname":"A","id":6},"7":{"name":"ZHAO","firstname":"B","id":7,"nation":"kkk"},"8":{"name":"ZHAO","firstname":"C","id":8,"nation":"kkk"},"9":{"name":"ZHAO","firstname":"D","id":9,"nation":"kkk"},"10":{"name":"ZHAO","firstname":"E","id":10},"11":{"name":"ZHAO","firstname":"A","id":11},"12":{"name":"ZHAO","firstname":"B","id":12,"nation":"kkk"},"13":{"name":"ZHAO","firstname":"C","id":13,"nation":"kkk"},"14":{"name":"ZHAO","firstname":"D","id":14,"nation":"kkk"},"15":{"name":"ZHAO","firstname":"E","id":15},"16":{"name":"ZHAO","firstname":"A","id":16},"17":{"name":"ZHAO","firstname":"B","id":17,"nation":"kkk"},"18":{"name":"ZHAO","firstname":"C","id":18,"nation":"kkk"},"19":{"name":"ZHAO","firstname":"D","id":19,"nation":"kkk"},"20":{"name":"ZHAO","firstname":"E","id":20},"21":{"name":"ZHAO","firstname":"A","id":21},"22":{"name":"ZHAO","firstname":"B","id":22,"nation":"kkk"},"23":{"name":"ZHAO","firstname":"C","id":23,"nation":"kkk"},"24":{"name":"ZHAO","firstname":"D","id":24,"nation":"kkk"},"25":{"name":"ZHAO","firstname":"E","id":25},"26":{"name":"ZHAO","firstname":"A","id":26},"27":{"name":"ZHAO","firstname":"B","id":27,"nation":"kkk"},"28":{"name":"ZHAO","firstname":"C","id":28,"nation":"kkk"},"29":{"name":"ZHAO","firstname":"D","id":29,"nation":"kkk"},"30":{"name":"ZHAO","firstname":"E","id":30},"31":{"name":"ZHAO","firstname":"FFF","id":31},"88":{"name":"ZHAO","firstname":"Fubang","id":88},"100":{"name":"ZHAO","firstname":"Fubang","id":100}}